{"cameraMode":{"drawMode":1,"name":"Wireframe","section":"Shading Mode"},"sceneLighting":false,"audioPlay":false,"sceneViewState":{"showFog":true,"showMaterialUpdate":false,"showSkybox":false,"showFlares":true,"showImageEffects":true,"showParticleSystems":true,"showVisualEffectGraphs":true,"m_FxEnabled":true},"in2DMode":false,"pivot":{"x":-3.6104414463043215,"y":10.248377799987793,"z":11.65243911743164},"rotation":{"x":0.45298677682876589,"y":-0.029410136863589288,"z":0.014954482205212117,"w":0.8908854722976685},"size":0.8660284280776978,"orthographic":false}