{"cameraMode":{"drawMode":1,"name":"Wireframe","section":"Shading Mode"},"sceneLighting":false,"audioPlay":false,"sceneViewState":{"showFog":true,"showMaterialUpdate":false,"showSkybox":false,"showFlares":true,"showImageEffects":true,"showParticleSystems":true,"showVisualEffectGraphs":true,"m_FxEnabled":true},"in2DMode":false,"pivot":{"x":-0.06386703252792359,"y":0.7653179168701172,"z":0.004363834857940674},"rotation":{"x":0.21219778060913087,"y":0.11694527417421341,"z":-0.025583546608686448,"w":0.9698602557182312},"size":0.40620213747024538,"orthographic":false}