{"cameraMode":{"drawMode":0,"name":"Shaded","section":"Shading Mode"},"sceneLighting":true,"audioPlay":false,"sceneViewState":{"showFog":true,"showMaterialUpdate":false,"showSkybox":true,"showFlares":true,"showImageEffects":true,"showParticleSystems":true,"showVisualEffectGraphs":true,"m_FxEnabled":true},"in2DMode":false,"pivot":{"x":2.565927743911743,"y":1.7645012140274048,"z":1.8102694749832154},"rotation":{"x":0.25029265880584719,"y":0.3138529062271118,"z":-0.08615214377641678,"w":0.9118276834487915},"size":1.0307763814926148,"orthographic":false}